"","Grupo.de.Avalia√.√.o","orgao","t√.tulo","reclama√.√.o","ID","X","X.1","insatisfacao","avaliadores","range.avaliacoes"
"1",1,"INSS - Minist√©rio da Previd√™ncia Social","CAT n√£o funciona (15/10/2018)","Boa tarde, programa CAT n√£o conclui apresenta erro ao abrir qd abre simplesmente encerra sem finalizar. J√° desinstalei e Instalei novamente por diversas vezes e nada funciona.",1,NA,NA,1,7,2
"2",1,"INSS - Minist√©rio da Previd√™ncia Social","Espera no atendimento (05/10/2018)","Meu nome √© marinete bezerra veloso Estou aguardando a licen√ßa maternidade e n√£o me deram resposta e ja faz mais de m√™s so meu filho tem 2 neses",7,NA,NA,2,7,2
"3",1,"INSS - Minist√©rio da Previd√™ncia Social","PORTAL ""MEU INSS"" N√ÉO FUNCIONA (02/10/2018)","ESTOU TENTANDO REQUERER UMA LICEN√áA MATERNIDADE URBANA TEM MAIS DE UMA SEMANA E N√ÉO CONSIGO. QUANDO TERMINO DE PREENCHER TODAS AS INFORMA√á√ïES E TENTO CONCLUIR APARECE O ERRO ""Ocorreu um erro na sua requisi√ß√£o. Tente novamente mais tarde."" J√Å TENTEI POR OUTROS COMPUTADORES, TENTEI PELO INTERNET EXPLORER, GOOGLE CROME, MOZILLA FIREFOX E NADA...
COMO NO SITE N√ÉO ESTAVA DANDO CERTO, LIGUEI NO 135 DUAS VEZES, OS ATENDENTES CONFIRMARAM TODAS AS INFORMA√á√ïES DO PEDIDO E NO FINAL DISSERAM QUE O SISTEMA ESTAVA APRESENTANDO INDISPONIBILIDADE E PEDIRAM PARA EU RETORNAR MAIS TARDE (ISSO DEPOIS DE TER FICADO UNS 20 MINUTOS PARA ME ATENDEREM E DEPOIS MAIS UNS 8 MINUTOS CONFIRMANDO AS INFORMA√á√ïES NECESS√ÅRIAS). UM ABSURDO. PROMETEM SIMPLIFICA√á√ÉO E FAZ √â PIORAR O ATENDIMENTO.",13,NA,NA,5,7,1
"4",1,"INSS - Minist√©rio da Previd√™ncia Social","Nem Posto INSS nem Ouvidoria INSS atendem o cidad√£o (28/09/2018)","Prezados senhores,

Sob o protocolo 614225163, agendei atendimento no posto do INSS da rua Raimundo Correa em Copacabana/RJ para 17/09/2018 √†s 10h40. Embora resida em Jacarepagu√°/RJ, me vi obrigada a optar por posto em Copacabana, uma vez que n√£o estavam sendo abertas vagas para o meu bairro.
Ap√≥s aguardar cerca de 2 meses para o referido atendimento, fui pessimamente recebida, n√£o tendo nenhum de meus problemas resolvidos, nem sequer minhas d√∫vidas esclarecidas. N√£o acreditando que nenhuma demanda pudesse ser resolvida/esclarecida, pedi para falar com a respons√°vel pelo posto que, surpreendentemente, me informou tratar-se de um posto basicamente para efetuar pagamentos. Assim sendo, me aconselhou a procurar outro posto para solicitar a concess√£o de minha aposentadoria, alertando que minha demanda seria indeferida, ap√≥s o que eu faria um requerimento solicitando regulariza√ß√£o das pend√™ncias, justamente aquelas que eu estava tentando resolver. Inacredit√°vel.
Para avalia√ß√£o dessa ouvidoria detalho abaixo minhas demandas n√£o atendidas :
1) efetuar a vincula√ß√£o do CPF de dois empregadores que n√£o constavam de meu extrato previdenci√°rio (para tanto, levei c√≥pia desses dois CPF);
2) emiss√£o de guia para pagamento de doze recolhimentos atrasados por parte de um de meus empregadores;
3) comprova√ß√£o de pagamento de 6 meses que n√£o constavam de meu extrato previdenci√°rio, cujas guias pagas encontram-se em meu poder;
4) orienta√ß√£o quanto √† falta de recolhimento por cooperativa j√° liquidada onde trabalhei, n√£o obstante nos contracheques em meu poder, houvesse desconto de INSS. Aqui a d√∫vida era como solicitar ao INSS o c√¥mputo dessas contribui√ß√µes.
√â inadmiss√≠vel e extremamente decepcionante, ap√≥s ter contribuindo para o INSS desde 1977 n√£o ser merecedora de atendimento que regularize os problemas acima apontados.
Nesse sentido, solicitei a ajuda da ouvidoria no sentido de fazer cumprir um direito b√°sico meu enquanto cidad√£ que √© ter meus dados regularizados por esse INSS. Para tanto, pedi para que aquela Ouvidoria intercedesse de forma que eu fosse recebida pelo posto de Jacarepagu√° / RJ, com a recomenda√ß√£o para que me fosse dado um atendimento digno.
A Ouvidoria do INSS n√£o se manifestou. Absurdo !",19,NA,NA,5,7,1
"5",1,"INSS - Minist√©rio da Previd√™ncia Social","SOLICITA√á√ÉO DE C√ìPIA DE PROCESSO H√Å 4 MESES SEM SOLU√á√ÉO - Proce...(26/09/2018)","""O atendimento √© realizado √† dist√¢ncia, n√£o sendo necess√°rio o comparecimento presencial nas unidades do INSS, a n√£o ser quando solicitado para eventual comprova√ß√£o."" 
Agendei atendimento presencial em 20/06/2018 Ag. Francisco Matarazzo informaram que estava em andamento e entrariam em contato.via e-mail
J√° liguei duas vezes na ouvidoria sem resposta.
Atendimento √† dist√¢ncia        
21
MAI
2018
S√ÉO PAULO - VILA MARIANA
Descri√ß√£o
C√ìPIA DE PROCESSO
Protocolo
645797575
Situa√ß√£o
EM AN√ÅLISE",25,NA,NA,1,7,2
"6",1,"ANAC - Ag√™ncia Nacional de Avia√ß√£o Civil","codigo ANAC (03/09/2018)","Eu tenho meu canac a algum tempo, porem esqueci o login e senha , e n√£o estou conseguindo acessar, pois quando pe√ßo para redefinir senha, e coloco meu cpf e e- mail que est√£o corretos, da dados invalidos, e eu preciso muito do acesso ao meu codigo. Obrigada",31,NA,NA,1,7,1
"7",1,"ANAC - Ag√™ncia Nacional de Avia√ß√£o Civil","ANAC e sua coniv√™ncia com pre√ßos altos de passagens a√©reas ainda ... (11/05/2018)","Aquele argumento p√≠fio de que permitir que as companhias a√©reas cobrem pela bagagem que isso iria baratear as passagens NUNCA SE CONCRETIZOU, como pode, um √≥rg√£o, que teoricamente, deveria proteger, ser conivente com tal situa√ß√£o? ",37,NA,NA,3,7,1
"8",1,"ANAC - Ag√™ncia Nacional de Avia√ß√£o Civil","1¬∫VIA DA INDENTIDADE (09/02/2018)","
J√Å TEM MAIS DE UM M√äS QUE VENHO ENTRANDO NO SITE DA POLICIA CIVIL PARA AGENDAR A 1¬∫ DA IDENTIDADE DA MINHA FILHA E N√ÉO CONSIGO AGENDAR PELO SISTEMA QUE SO INFORMA QUE NAO TEM VAGA .
PE√áO UMA SOLU√áA√ï PARA ESSE PROBLEMA POR FAVOR DESDE JA AGRADE√áO",43,NA,NA,3,7,3
"9",1,"ANAC - Ag√™ncia Nacional de Avia√ß√£o Civil","V√¥o lotado Latam (15/06/2017)","Hoje dia 15/06/2017, eu tinha um v√¥o da Latam com sa√≠da de Salvador para Guarulhos (JJ3663), √†s 9:35. N√£o sei o porque, mas este mesmo v√¥o estava cheio, sem assento dispon√≠vel, e n√£o consegui embarcar. A latam n√£o me deu explica√ß√£o do que houve, apenas ouvi: 
""Senhora, n√£o tem acento dispon√≠vel, n√£o posso fazer nada!""
Ent√£o fui relocada para um voo da Gol para Congonhas (G3 1571), com sa√≠da de Salvador √†s 13:10, (agora para 13:25, pois acabam de informar que est√° atrasado, al√©m da mudan√ßa de port√£o de embarque). Cada dia mais complicado viajar. Como cliente e consumidora, espero que sejam tomadas as provid√™ncias e al√©m de tudo mere√ßo respeito. Sou Arquiteta, perdi uma reuni√£o com clientes e visita √† obra.


Atenciosamente,
Mirella Teixeira

",49,NA,NA,3,7,2
"10",1,"ANAC - Ag√™ncia Nacional de Avia√ß√£o Civil","PARA QUE EXISTE A ANAC? (07/02/2017)","
FIZ UMA RECLAMA√á√ÉO H√Å MAIS DE 8 MESES.N√ÉO RECEBI RESPOSTA ALGUMA.PARA QUE SERVE A ANAC?",55,NA,NA,5,7,2
"11",2,"INSS - Minist√©rio da Previd√™ncia Social","Tempo de espera surreal (15/10/2018)","Bom dia! 
J√° faz 3 dias que tento uma informa√ß√£o pelo 135, mas o atendimento √© p√©ssimo. 
O servi√ßo √© tarifado, quando liga do celular, mas essa √© a op√ß√£o que tenho. Por√©m, n√£o √© por ser tarifado que sou obrigada a ficar no m√≠nimo 11 minutos e 20 segundos na espera. Isso √© um absurdo! Sem falar na dificuldade de conseguir uma liga√ß√£o pois o sistema fica cancelando.
Estou indignada e vou atr√°s dos meus direitos.",2,NA,NA,4,7,1
"12",2,"INSS - Minist√©rio da Previd√™ncia Social","Site com erro. (04/10/2018)","
Ap√≥s colocar todas as informa√ß√£o do requerimento o site da"" erro na requisi√ß√£o. tente mais tarde."" Como corrigir esta situa√ß√£o j√° que nao consigo efetuar pessoalmente o requerimento de aposentadoria.",8,NA,NA,2,7,1
"13",2,"INSS - Minist√©rio da Previd√™ncia Social","EMISS√ÉO DE CERTID√ÉO DE TEMPO DE CONTRIBUI√á√ÉO (02/10/2018)","Prezados Senhores :

Boa tarde. 
Meu nome √© Ana L√∫cia Brugugnolli, funcion√°ria p√∫blica da rede estadual ( 26 anos - cargo efetivo - 51 anos de idade ).
Infelizmente fiquei 16 anos realizando trabalho administrativo na Educa√ß√£o e perdi a aposentadoria especial - destinada aos docentes,
No ano passado ( 2017 ) retornei para a escola, tendo em vista a minha efetiva√ß√£o em outro cargo p√∫blico ( esfera municipal ).
Gostaria de formalizar reclama√ß√£o referente ao pedido de Certid√£o de Tempo de Contribui√ß√£o no INSS.
No dia 08/05/2018 dei entrada na solicita√ß√£o da CTC n¬∫ 21002040.1.00327/18-5 - NO INSS da Parada Inglesa ( OL n¬∫ 21.0.02.040 - APS Ataliba Leonel.
Fui informada que este procedimento levaria 60 dias.
Com a averba√ß√£o da CTC - Certid√£o de Tempo de Contribui√ß√£o -contribui 30 anos no nosso pa√≠s .
Por gentileza necessito desta CTC para averbar no estado, desta forma solicitando a aposentadoria na rede estadual .
Tentei formalizar reclama√ß√£o e n√£o consigo concluir, pois o site esta apresentando problema.
CPF 094126068-26 ( data de nascimento : 19/07/1967).

Sem mais para o momento,

atenciosamente

Ana l√∫cia Brugugnolli
email : analubru1722@yahoo.com.br dent2cie@gmail.com",14,NA,NA,2,7,2
"14",2,"INSS - Minist√©rio da Previd√™ncia Social","Demora no Julgamento do recurso especial! (28/09/2018)","Bom dia!

O INSS recorreu da decis√£o, o qual interp√¥s Recurso Especial, o qual esta parado desde o dia 18/04/18, √†s 04:02. Gostaria re informar a situa√ß√£o e a demora da analise. Segue abaixo o resumo do processo.


Processo: 44233.391037/2017-24
Dados b√°sicos do processo
42/178.341.145-4
N√∫mero do Benef√≠cio

1¬™ C√¢mara de Julgamento
√ìrg√£o atual

19025040 / APS LAGOA VERMELHA
Ag√™ncia da Previd√™ncia Social de origem

ALEXANDRE LUIZ CALGAROTO
Recorrido

INSTITUTO NACIONAL DO SEGURO SOCIAL - INSS
Recorrente

MARIA JUSTINA CONSORTE MIORANZA
Recorrido

Hist√≥rico de Eventos
Encaminhamento autom√°tico - (CGT para 1¬™ CAJ)
18/04/18 04:02

Aguardando distribui√ß√£o
09/04/18 08:06

Encaminhamento - (1952512 para CGT)
09/04/18 08:06

Despacho
09/04/18 08:05 - Ver documentos desse evento

Encaminhamento - (19025040 para 1952512)
06/04/18 18:46

Contrarraz√µes do recorrido
06/04/18 18:44 - Ver documentos desse evento

Comunica√ß√£o de interposi√ß√£o de Recurso do INSS
20/03/18 18:56 - Ver documentos desse evento

Encaminhamento - (1952512 para 19025040)
09/02/18 11:25

Despacho
09/02/18 11:25 - Ver documentos desse evento

Interposi√ß√£o de Recurso Especial - (Por: INSTITUTO NACIONAL DO SEGURO SOCIAL - INSS)
09/02/18 11:24 - Ver documentos desse evento

Encaminhamento autom√°tico - (21¬™ JR para 1952512)
08/02/18 10:31

Conhecer do Recurso e dar-lhe provimento, por unanimidade - Ac√≥rd√£o n¬∫ 510 / 2018
08/02/18 10:31 - Ver documentos desse evento

Sess√£o de Julgamento Ordin√°ria - N¬∫ 0026/2018 - 07/02/2018 15:00
31/01/18 00:27

Para inclus√£o em pauta
31/01/18 00:27

Distribu√≠do ao Conselheiro Relator - SERGIO FERNANDO MEDEIROS BEZERRA JUNIOR
17/01/18 18:03

Encaminhamento - (19025040 para 21¬™ JR)
17/01/18 18:03

A√ß√µes judiciais n√£o encontradas
17/01/18 18:02 - Ver documentos desse evento

Contrarraz√µes do INSS
17/01/18 17:58 - Ver documentos desse evento

Ci√™ncia do recorrente - Anexada
17/01/18 17:40 - Ver documentos desse evento

Protocolo Recebido no INSS
27/12/17 15:26 - Ver documentos desse evento

Agendamento Eletronico do Recurso / Postagem do Recurso via ECT
25/10/17

",20,NA,NA,2,7,1
"15",2,"INSS - Minist√©rio da Previd√™ncia Social","Descaso (25/09/2018)","N√£o consigo receber meu benef√≠cio que foi-me deferido em 30/04/2018. J√° liguei diversas vezed para o 135, j√° fui na ag√™ncia, em que realizei a per√≠cia, solicitei pagamento de benef√≠cio n√£o recebido, e nada desse dinheiro aparecer. Quando fiz a per√≠cia, estava gestante de alto risco, e precisei me afastar do trabalho, entrando em licen√ßa pelo inss. Por conta disso, n√£o consegui comprar onque faltava para o enxoval da minha filha, minhas contas est√£o todas atrasadas, e meu nome entrou para os servi√ßos de prote√ß√£o ao cr√©dito.Minha filha nasceu, hoje est√° com 4 meses(setembro/2018), e ainda n√£o consegui receber. Isso √© terr√≠vel para quem vive de sal√°rio, √© um descaso, falta de respeito com o cidad√£o. Que contribui regularmente com essa bosta de previd√™ncia.",26,NA,NA,5,7,1
"16",2,"ANAC - Ag√™ncia Nacional de Avia√ß√£o Civil","V√¥os a√©reos o dia inteiro (21/08/2018)","Durmo e acordo ouvindo avi√µes passando para pousar ou decolar todos os dias, a cada 10 minutos. N√£o consigo ouvir a tv e as vezes nem conversar ao telefone. Moro em Santa Rosa - Niter√≥i - RJ. √â perturbador, consigo ver todas as logos estampadas das empresas nos avi√µes de t√£o baixo que passam. Como solucionar esta quest√£o?",32,NA,NA,2,7,1
"17",2,"ANAC - Ag√™ncia Nacional de Avia√ß√£o Civil","Importunio aos passageiros, coa√ß√£o e venda irregular de assinatura ... (01/05/2018)","Dia 23 de Abril ( segunda feira) estava no aeroporto de Congonhas me preparando para embarcar, quando fui subir na escada rolante para a √°rea de embarque, uma mulher me abordou perguntando se eu residia no Brasil, como ela estava vestida com um terninho preto e parecia funcion√°ria do aeroporto, eu respondi que sim e ela disse que brasileiros teriam que pegar uma senha e me dirigiu para uma √°rea que fica embaixo ao lado da escada rolante, quando percebi, estava em um balc√£o da Editora Tr√™s, e j√° me rodeavam falando que eu tinha ganho uma senha e etc e tal...quando me toquei da situa√ß√£o , virei as costas e voltei para a escada rolante, com eles gesticulando e falando besteiras. Enfim , embarquei e pensando que estaria mais segura e protegida dentro do sal√£o de embarque me enganei! Fui surpreendida com outro balc√£o , agora da Editora Globo e vieram me dar um folheto com uma senha que teria acesso as revistas, por√©m para liberarem a senha precisavam do meu cart√£o de credito. fiquei muito irritada com a situa√ß√£o e falei que n√£o iria cair naquele golpe, pois esta forma de venda de assinaturas √© irregular. Tirei uma foto do estande e disse que iria abrir uma reclama√ß√£o. A partir dai come√ßou uma s√©ria de amea√ßas , fui importunada durante muito tempo, me seguiam, me filmalvam e amea√ßava, que eu n√£o iria conseguir embarcar. Procurei por seguran√ßas, mas n√£o encontrei. Fui a policia Federal pedir ajuda, mas o que percebi √© que as tais mo√ßas (duas mulhers me seguiam) conheciam a mo√ßa da Policia Federal e tamb√©m a outra mo√ßa respons√°vel pela √°rea comercial do aeroporto. Duarnte todo tempo elas me amea√ßaram e falavam que eu poderia reclamar o quanto quisesse, pois n√£o iria acontecer nada, tinham certeza da impunidade!
Conversando com outros funcion√°rios do aeroporto (funcion√°rios de loja e as mo√ßas respons√°veis pelo embraque) elas falaram que j√° tiveram muitos problemas com estas editoras e que tamb√©m s√£o amea√ßadas para n√£o contarem nada...um absurdo total!!!
Estas editoras oferecem malas tamb√©m, mas depois de posse de daos de seu cart√£o, cobran√ßas de assinaturas indevidas come√ßam a ser creditadas e para cancelar (o que √© bem dif√≠cil) voc√™ tem que pagar a tal mala ""que era brinde"", cobram em torno de quatrocentos reais uma mala que √© vendida no centro de S√£o Paulo por oitenta Reais.
‚ÄúEssas pr√°ticas enganosas est√£o previstas no C√≥digo de Prote√ß√£o e Defesa do Consumidor nos artigos 30 e 31. Isso sem falar que nessa rela√ß√£o de consumo existe o v√≠cio no consentimento do consumidor na aquisi√ß√£o de assinaturas de publica√ß√µes, renova√ß√µes autom√°ticas de assinatura e cobran√ßas indevidas em cart√µes de cr√©dito ou conta banc√°ria‚Äù,
Vou reclamar no PROCON, no Minist√©rio P√∫blico e em todas as redes sociais poss√≠veis, pois nesta √©poca que estamos lutando contra a corrup√ß√£o, acho um absurdo o Aeroporto colocar estes estandes de vendas enganosas, tirando a paz e a seguran√ßa de seus clientes.
Olhando na internet , vi que esta pr√°tica esta acontecendo em todos aeroportos do Brasil, a quantidade de reclama√ß√µes s√£o um n√∫mero bastante consistente, isto que muitas pessoas n√£o devem reclamar e ficam remoendo o preju√≠zo, principalmente pessoas idosas que muitas vezes n√£o tem paci√™ncia e ou recursos para reclamar, pois muitas n√£o usam o computador e por telefone a burocracia e o tempo que leva √© desencorajador.
Pe√ßo aos respons√°veis que pensem nos clientes e deixem de pensar s√≥ em dinheiro (tenho certeza que poderiam colocar estandes de outros produtos mais agrad√°veis) Pensem melhor no conforto e paz de seus clientes, pois o Aeropoprto se prejudica com estas pr√°ticas e perdem a credibilidade, n√£o s√≥ os aeroportos mas prejudica nosso Brasil!

Espero retorno

Cibele Barroco",38,NA,NA,5,7,1
"18",2,"ANAC - Ag√™ncia Nacional de Avia√ß√£o Civil","N√£o recebo resposta da ANAC sobre Habilita√ß√£o T√©cnica de Mec√¢nic... (19/12/2017)","Bom Dia!
Em 2015, exatamente no dia 10/02/17, fizemos a solicita√ß√£o atrav√©s de ordem de servi√ßo para revalida√ß√£o da carteira de mec√¢nico do Sr. Jeff Carlos Celestino, e enviado a Anac, gerado a Ordem de Servi√ßo, por√©m n√£o conclu√≠do, devido ao sistema, depois de gerado a ordem de servi√ßo √© necess√°rio entrar em outra tela e adicionar alguns documentos. No atual m√™s descobrimos o processo como funciona, acreditando estar tudo correto, por√©m numa auditoria visto pelos auditores que n√£o estava v√°lida, ent√£o fomos fazer a pesquisa quando nos deparamos com as demais etapas do processo. Foi dado continua√ß√£o no processo em 01/12/17, e nada resolvido, at√© que nos informam em 14/12/17 que havia um documento que estava desconforme, com um detalhe, segundo os atendentes informaram que estavam enviando e-mail para um e-mail antigo, muito embora tenham recebido as solicita√ß√µes de um e-mail v√°lido. Detalhe outro que foi peticionado tamb√©m a carteira de um outro funcion√°rio em dia e no outro estava v√°lido no sistema ANAC. Bem, hoje √© dia 19/12/17, e at√© o momento, n√£o conseguimos mais falar no setor, n√£o conseguimos uma resposta por e-mail, sendo reiterado todos os dias pela manh√£ e a tarde, j√° recorremos a reclama√ß√£o da ANAC no 163, em Brasilia, e nos informam que tem 21 dias para responder ao questionamento, quando o dever de resposta e de entrega do funcion√°rio publico difere deste prazo. Ent√£o recorremos a este Instituto para que nos auxilie no direito de receber, do funcion√°rio que depende da carteira de Mec√¢nico de Manuten√ß√£o (GMP/CEL), para continuar suas atividades laborais. Segue o numero da solicita√ß√£o 245369/15 de 10/02/2015, protocolo SEI 00065569147201711. J√° fizemos in√∫meras liga√ß√µes e n√£o atendem, n√£o respondem e-mail¬¥s, e assim segue, o cidad√£o que necessita do documento para trabalhar, n√£o consegue alcan√ßar seus diretos em fun√ß√£o da neglig√™ncia e imper√≠cia do funcion√°rio publico que n√£o quer trabalhar por ser "" funcion√°rio publico"". Colocaremos alguns n√∫meros de telefones que estamos tentando ligar e n√£o atendem: reclama√ß√£o feita na ANAC no numero 163 em Brasilia sob n¬∫ de protocolo: 20170100585 de 19/12/17, fones que n√£o atendem no Rio de Janeiro, onde se estabelece o Setor de Habilita√ß√£o: (21) 3501-5646, 3501-5541, 3501-5293, 3501-5302, 3501-5606, 3501-5595. Solicitamos que este Instituto fa√ßa valer os direitos inerentes do cidad√£o civil. 

Atenciosamente, aguardamos um breve retorno. 

Regina",44,NA,NA,3,6,1
"19",2,"ANAC - Ag√™ncia Nacional de Avia√ß√£o Civil","N√ÉO CONSIGO FALAR NO TELEFONE. (02/06/2017)","Estou com um problema com a empresa GOL e preciso de informa√ß√µes da ANAC. N√£o consigo contato com nenhum nesses telefones: 163 diz que n√£o existe, o (61)3314 4155 da ouvidoria chama e fica mudo em espera e n√£o atende e o 0800 est√° desativado. Comprei bilhetes de passagens cerca de quase 2 meses atr√°s e a GOL cancelou o meu hor√°rio de voo de retorno. Eles est√£o me oferecendo hor√°rios que n√£o me atendem e disseram que se eu quiser, a empresa me reembolsa parcialmente. Resumindo, sobre a Resolu√ß√£o 400 quero dizer que n√£o tenho interesse em reembolso, nem mesmo nos outros hor√°rios que me ofereceram, porque fogem dos meus compromissos j√° firmados. Preciso saber se tenho direito que a GOL me acomode em um hor√°rio bem pr√≥ximo numa outra empresa a√©rea. Aguardo retorno.",50,NA,NA,2,7,2
"20",2,"ANAC - Ag√™ncia Nacional de Avia√ß√£o Civil","Ciclo vicioso: Cia A√©rea te empurra para Pol√≠cia Civil, Pol√≠cia Ci... (30/01/2017)","Ao chegar em um voo no Aeroporto de Guarulhos e coletar a bagagem que havia despachado, notei que ela foi arrombada e que itens em seu interior foram furtados.
Depois de n√£o ter sido atendida nem pela cia. a√©rea, nem pela Pol√≠cia Civil (era muito cedo, os escriv√£o disseram que estavam ocupados e se recusaram a registrar o BO!), tamb√©m n√£o consegui registrar uma reclama√ß√£o na ANAC.
Os funcion√°rios da ag√™ncia simplesmente disseram que eu deveria insistir na PCSP e na cia a√©rea, ou entrar na justi√ßa.

No voo em que eu estava outro passageiro tamb√©m havia tido o mesmo problema. Esses casos de furtos em bagagem despachada, que ocorrem no interior dos aeroportos, nunca ser√£o solucionados enquanto a pol√≠cia, a ANAC e a cia a√©rea continuarem se recusando a, pelo menos, registrar uma reclama√ß√£o.",56,NA,NA,NA,7,NA
"21",3,"INSS - Minist√©rio da Previd√™ncia Social","Beneficio Invalido (12/10/2018)","Oi,fiz uma pericia ontem e estou desde ontem as 21:00 hrs tentando verificar o estado do meu beneficio e s√≥ da beneficio invalido.Hoje √© feriado e nem tem atendimento 135 .Agora eu pergunto,o q fazer?",3,NA,10,1.5,6,3
"22",3,"INSS - Minist√©rio da Previd√™ncia Social","Falha no servi√ßo de agendamento de pericia, na central 135. (03/10/2018)","Atendimentos suspensos na ag√™ncia da cidade do Paulista. As fraudes efetuadas por funcionarios do inss, prejudicam o atendimento aos segurados. Cpf: 04248573407.",9,NA,NA,2,6,2
"23",3,"INSS - Minist√©rio da Previd√™ncia Social","Erro em requisi√ß√£o de benef√≠cios no ""MEU INSS"" (02/10/2018)","N√£o estou conseguindo abrir requerimentos no site do MEU INSS h√° mais de uma semana, ap√≥s preencher todos os dados da requerente e clicar em AVAN√áAR aparece a seguinte mensagem ""Ocorreu um erro na sua requisi√ß√£o. Tente novamente mais tarde.""
Espero que isso seja solucionado o mais breve poss√≠vel, √© um desrespeito com o cidad√£o brasileiro! Inadmiss√≠vel!",15,NA,NA,3.5,6,3
"24",3,"INSS - Minist√©rio da Previd√™ncia Social","N√£o consigo agendar atendimento (26/09/2018)","Ontem ao me dirigir a uma ag√™ncia do INSS para pedir informa√ß√£o sobre ATUALIZA√á√ÉO cadastral por motivo de altera√ß√£o no nome devido div√≥rcio, procurei a ag√™ncia para saber como realiza√ß√£o essa altera√ß√£o. Fui informada que esse SIMPLES servi√ßo deve ser agendado, ent√£o liguei na Central pra agendar, acontece que a data mais pr√≥xima √© em meados de janeiro/2019 para realizar a tal altera√ß√£o, um servi√ßo simples de realizar esperar por mais de 4 meses? Minha indigna√ß√£o para esse atendimento √© minha sugest√£o tamb√©m, deveriam ter atendimento para servi√ßo r√°pido, pois esse servi√ßo n√£o demora sequer 15 minutos... n√£o entendo o porque de tamanha demora!",21,NA,NA,3,5,2
"25",3,"INSS - Minist√©rio da Previd√™ncia Social","Demora do envio da documenta√ß√£o solicitada (25/09/2018)","Boa noite ,venho atrav√©s do reclame aqui expor minha indigna√ß√£o pelo INSS pois fiz uma solicita√ß√£o de uma certid√£o de emiss√£o de dependentes habilitados a pens√£o por morte da minha m√£e dia 18/09/18 e me foi informado atraves de e mail que a data limite d resolu√ß√£o dessa documenta√ß√£o seria dia 24/09/18 e at√© a data de hj dia 25/09/18 ningu√©m tem uma informa√ß√£o exata e no sistema do INSS consta ainda o status em an√°lise e o meu caso √© de extrema urg√™ncia pois tenho benef√≠cios e resolver que n√£o me cabem a solu√ß√£o sem essa documenta√ß√£o. Pe√ßo encarecidamente que resolvam meu problema pelo amor de Deus pois estou passando dificuldades por conta dessa documenta√ß√£o faltante. Aguardo o retorno o qts antes.Obrigada",27,NA,NA,2.5,6,4
"26",3,"ANAC - Ag√™ncia Nacional de Avia√ß√£o Civil","LATAM - IMPOSSIBILIDADE DE FORNECER COMPROVANTE DE PAGAMENTO DE BAGAG... (17/08/2018)","Em 17/08/2018, √†s 16h 40h, ao falar por telefefone atrav√©s do n¬∫ 4002-5700, com o funcion√°rio Thallyson Caetano - Setor de Reservas, requerendo os comprovantes de pagamentos efetuados referentes √†s bagagens de ida e volta, o mesmo me informou que era imposs√≠vel.",33,NA,NA,2,6,3
"27",3,"ANAC - Ag√™ncia Nacional de Avia√ß√£o Civil","Cancelamento de voo (21/04/2018)","Comprei um pacote na Decolar.com.
Infelizmente precisamos cancelar, o que seria feito pelo c√≥digo do consumidor, artigo 49.
Fui informada pela atendente da Decolar que a Avianca n√£o segue esse artigo do C√≥digo.
N√£o entendo como qualquer empresa possa desrespeitar uma lei com a aprova√ß√£o da Anac.
Voc√™s podem me explicar esse absurdo?

Solange Teixeira
(61)99241-7958",39,NA,NA,2,6,2
"28",3,"ANAC - Ag√™ncia Nacional de Avia√ß√£o Civil","Aumento de Pre√ßos, e sem bagagem (15/10/2017)","Bom dia ANAC, tudo bom?

Gostaria de uma explica√ß√£o, por favor...
Como que uma mesma passagem da Suissa para o Rio de Janeiro, pela TAP, nas mesmas datas, podem ter uma diferen√ßa de pre√ßo tao grande e sem bagagem, e, com 2 bagagens de 23k, que antes eram 2 de 32k, est√£o mais caras? Voc√™s sabem muito bem o que esta acontecendo, mas, mesmo assim, gostaria de uma explica√ß√£o de voc√™s, se poss√≠vel, por favor....

Obrigada
Tenham um √≥timo dia...",45,NA,NA,3,5,3
"29",3,"ANAC - Ag√™ncia Nacional de Avia√ß√£o Civil","Total desrespeito, falta completa de assist√™ncia e descumprimento de... (30/05/2017)","Comprei passagem para o dia 14/05/2017 (Dia das m√£es), companhia Avianca, voo FLN-BSB (Florian√≥polis - Bras√≠lia), sa√≠da 07:55, chegada 10:10 (voo direto).

Acontece que ao chegar no aeroporto √†s 6h20 (mais ou menos), a primeira informa√ß√£o que foi dada √© que o voo estava atrasado e com previs√£o de partida √†s 09h00. Ou seja, j√° sabiam com anteced√™ncia que o voo iria atrasar mas a companhia n√£o entrou em contato com os passageiros, para ao menos avisar e propor alguma solu√ß√£o. As informa√ß√µes dadas por funcion√°rios da Avianca no aeroporto colocavam como causa o mau tempo no aeroporto de Chapec√≥, mas as informa√ß√µes meteorol√≥gicas do dia anterior j√° deixavam claro que o aeroporto estaria sem condi√ß√µes de decolagem na manh√£ do dia seguinte. Ou seja, a Avianca sabia que o voo n√£o partiria em seu hor√°rio habitual desde a noite anterior.

Passado esse hor√°rio, procuramos informa√ß√£o sobre o voo e foi dada pelo funcion√°rio da Avianca nova estimativa de partida √†s 10h00, depois tal estimativa foi para 10h30. Ao procurar informa√ß√µes depois desse hor√°rio, a estimativa foi que a partida seria √†s 11h30. Acabou que o avi√£o partiu 13h00 aproximadamente. Um atraso de 5 horas, onde a empresa pouco se importou com o bem-estar do passageiro.

Quando o atraso tornou-se superior a 2 (duas) horas, solicitei ao funcion√°rio da Avianca voucher para alimenta√ß√£o. O mesmo disse que n√£o havia alimenta√ß√£o ou voucher dispon√≠vel, desrespeitando as regras da ANAC, conforme est√° dispon√≠vel em http://www2.anac.gov.br/publicacoes/arquivos/Dicas_ANAC_Atrasos_e_Cancelamentos_web.pdf:

A partir de 2 horas: alimenta√ß√£o (voucher, lanche, bebidas, etc).

Nada foi oferecido! Ou seja, a pessoa chega no aeroporto √†s seis e pouca da manh√£ e fica esperando a manh√£ inteira, sem informa√ß√µes condizentes e sem qualquer tipo de aux√≠lio m√≠nimo, mesmo o que deveria estar dispon√≠vel por for√ßa de lei.
Destaca-se tamb√©m que o aeroporto de Florian√≥polis √© pequeno e desconfort√°vel.
Acrescenta-se o fato de ser dia das m√£es, ganha-se um dia de muito cansa√ßo e desprezo por parte da empresa.",51,NA,NA,4,6,3
"30",3,"ANAC - Ag√™ncia Nacional de Avia√ß√£o Civil","LEI SOBRE COBRAN√áA DE BAGAGEM (07/12/2016)","Gostaria que fosse verificado sobre uma lei que esta tramitando para aprova√ß√£o no sentido de cobrar todas as bagagens que n√£o sejam de m√£o... vou deixar o link abaixo para que possam dar uma olhada.... resolvi fazer essa reclama√ß√£o pois acho isso um absurdo, ja que os pre√ßos das passagens s√£o para o padr√£o do consumidor brasileiro muito alto mesmo com as promo√ß√µes, portanto acredito que se essa lei for aprovada o consumidor ira perder ... mas as empresas tamb√©m... estou deixando o link para que seja analisado e verificado... e espero que o reclame aqui possa ajudar igualmente como fizemos no periodo que quiseram cobrar de forma diferenciada a internet nas resid√™ncias. 
Espero retorno. 
Obrigada

http://todosabordo.blogosfera.uol.com.br/2016/12/07/anac-deve-aprovar-na-semana-que-vem-fim-da-bagagem-gratis-em-voos/",57,NA,NA,2.5,6,2
"31",4,"INSS - Minist√©rio da Previd√™ncia Social","Falta de informa√ß√µes virtual (08/10/2018)","Menu INSS parou de funcionar no momento em que reclamei meus direitos junto ao judici√°rio.",4,NA,NA,1,6,1
"32",4,"INSS - Minist√©rio da Previd√™ncia Social","Indeferimento arbitrario de beneficio e apropria√ß√£o indebita de doc... (03/10/2018)","Ao INSS Instituto Nacional do Seguro Social
Ref: Indeferimento beneficio n¬∫ 1859074593
S√£o Paulo, Outubro de 2018
Em rela√ß√£o ao indeferimento do beneficio n¬∫ 1859074593, protocolado no dia 02/03/2018, na agencia INSS-Ger√™ncia Executiva S√£o Paulo-Centro, localizada a Rua Cel. Xavier de Toledo, 280 - Consola√ß√£o, S√£o Paulo - SP, venho me opor √° decis√£o imposta pelo INSS, levando-se em conta os seguintes fatores: 
1 ‚Äì Em anexo √° documenta√ß√£o exigida por este √≥rg√£o, para a solicita√ß√£o de analise do beneficio, foram anexados 03 laudos PPP ‚Äì (PERFIL PROFISSIOGR√ÅFICO PREVIDENCI√ÅRIO), documentos estes legalmente emitidos pelas empresas ‚ÄúVotorantim‚Äù, ‚ÄúBrink‚Äôs‚Äù e ‚ÄúProtege‚Äù, nas quais exerci atvidades profissionais devidamente comprovadas mediante registro em carteira profissional. Durante o exerc√≠cio destas atvidades, foram provadas nestes documentos - PPP ‚Äì (PERFIL PROFISSIOGR√ÅFICO PREVIDENCI√ÅRIO), que, tais atvidades foram desempenhadas sob condi√ß√µes de alta periculosidade, pelo fato da necessidade de se trabalhar utilizando-se armas de fogo, por tratarem-se de atvidades relacionadas ao servi√ßo de vigil√¢ncia e seguran√ßa de patrim√¥nio de terceiros. 

2- Somando-se o tempo decorrente deste per√≠odo trabalhado sob alta periculosidade, e o convertendo pelo fator 1,4 (adicional de periculosidade) e somando-se ainda este percentual ao restante do tempo trabalhado em outras empresas, sem o fator periculosidade, de acordo com a lei em vigor na √©poca, obteremos o resultado de um tempo de contribui√ß√£o al√©m dos 35 anos estipulados por lei, o que, automaticamente ir√° gerar todos os requisitos para a concess√£o imediata do beneficio.
3 -No entanto, devido a omiss√£o do agente respons√°vel pela analise da documenta√ß√£o, tais documentos PPP ‚Äì (PERFIL PROFISSIOGR√ÅFICO PREVIDENCI√ÅRIO) anexados aos demais, nem sequer foram objetos de analise por parte do INSS, limitando-se este √≥rg√£o apenas a alega√ß√£o pura e simples de que a solicita√ß√£o foi ‚Äùindeferida por falta de tempo de contribui√ß√£o‚Äù
4- Al√©m dos equ√≠vocos j√° acima citados, ocorrem tamb√©m alguns fatos contradit√≥rios e grav√≠ssimos que, lamentavelmente o INSS n√£o ponderou ao indeferir esta solicita√ß√£o, como, por exemplo:
‚Ä¢        Al√©m do indeferimento da solicita√ß√£o, sem elementos para tal alega√ß√£o, h√° ainda o agravante de n√£o haver considerado um PPP ‚Äì (PERFIL PROFISSIOGR√ÅFICO PREVIDENCI√ÅRIO) como documento valido perante √° lei, para efeitos de qualquer analise de beneficio relativo √° aposentadoria.
‚Ä¢        Por exigencia do INSS, no ato da solicita√ß√£o, os documentos acima citados (PPP) foram apresentados em forma de copias, acompanhados dos ‚Äúoriginais‚Äù, sendo estes (os originais) retidos pelo INSS e enviados para posterior analise.
‚Ä¢        Considerando-se o indeferimento da solicita√ß√£o, o procedimento do INSS legalmente seria providenciar a devolu√ß√£o imediata de todos os documentos originais em poder do √≥rg√£o, o que n√£o ocorreu.
Assim sendo, o INSS, √° revelia da lei, efetuou a reten√ß√£o sumaria de tais documentos originais (PPP), a√ß√£o esta caracterizada como pratica abusiva e ilegal, conforme poderemos constatar √° seguir 
Instru√ß√£o Normativa INSS n¬∫ 77/2015
Art. 679. Observado o disposto no art. 19 do RPS, as APS, quando necess√°rio, devem manter c√≥pia dos documentos comprobat√≥rios, devidamente conferidos, evitando-se a reten√ß√£o dos documentos originais.
Par√°grafo √∫nico. Observada a necessidade de reten√ß√£o dos documentos referidos no caput, para subsidiar a an√°lise e a conclus√£o do ato de deferimento ou de indeferimento do benef√≠cio, por um prazo n√£o superior a cinco dias, dever√° ser expedido, obrigatoriamente, o termo de reten√ß√£o e de restitui√ß√£o, em duas vias, sendo a primeira via do segurado e a segunda do INSS e, em caso da identifica√ß√£o de exist√™ncia de irregularidades, proceder-se-√° de acordo com o disposto no art. 282 do RPS
Lei 8078 e Lei 5553/68 ‚Äì Uso e reten√ß√£o de documentos
Art. 3¬∫ - constitui contraven√ß√£o a reten√ß√£o do documento.
Conduta ‚Äì reter documento sem justa causa.
Objeto material ‚Äì Originais, c√≥pias autenticadas, ou c√≥pias aut√™nticas.
Diante do que foi aqui exposto, venho ent√£o, apelar para que o bom senso prevale√ßa, e que o INSS reveja sua postura inicial em rela√ß√£o ao indeferimento do beneficio, ou, caso n√£o haja esta possibilidade, efetuar a devolu√ß√£o imediata dos documentos originais retidos em seu poder. 
Na expectativa de uma breve solu√ß√£o a esta quest√£o, sem preju√≠zo, material, moral ou financeiro para nenhuma das partes envolvidas, coloco-me desde j√° a disposi√ß√£o desta Institui√ß√£o para eventuais esclarecimentos posteriores que se fa√ßam necess√°rios.",10,NA,NA,NA,6,NA
"33",4,"INSS - Minist√©rio da Previd√™ncia Social","Inss (02/10/2018)","Minha m√£e recebe dia 28 e at√© agora n√£o foi depositado o benef√≠cio",16,NA,NA,1,6,1
"34",4,"INSS - Minist√©rio da Previd√™ncia Social","M√©dico da per√≠cia (26/09/2018)","
M√©dico muito mal educado,me liberou para trabalhar sendo que n√£o estou em condi√ß√µes adequadas para trabalhar, porque meu osso n√£o colou por causa da bact√©ria que peguei no hospital",22,NA,NA,3,5,3
"35",4,"INSS - Minist√©rio da Previd√™ncia Social","Demora na entrega da Certid√£o de Tempo de Contribui√ß√£o (25/09/2018)","No dia 02/05/2018 conforme agendamento no site do INSS, compareci na Ag√™ncia do INSS da Vila Mariana, situada na rua Santa Cruz, 707, Zona Sul, S√£o Paulo, com o objetivo de solicitar a CTC(certid√£o de tempo de contribui√ß√£o). O atendimento foi realizado de forma satisfat√≥ria e ao final a atendente respons√°vel me informou que estava tudo de acordo com as exig√™ncias, por√©m n√£o poderia me fornecer a certid√£o naquele momento, porque o sistema n√£o estava permitindo, me entregou um comprovante de protocolo n¬∫ 21004050.1.00249/18-0, dizendo que no prazo de 30 dias seria enviado uma correspond√™ncia em minha resid√™ncia solicitando que eu retornasse a ag√™ncia para retirar o documento, o que n√£o ocorreu at√© a presente data. No dia 09/07/2018, retornei novamente a ag√™ncia mencionada para obter informa√ß√µes sobre o documento requerido, o funcion√°rio que estava no atendimento pediu novamente meus dados e telefones e me orientou outra vez que aguardasse contato, o que novamente n√£o ocorreu, datando-se at√© o momento quase cinco meses da data do pedido. Por fim, no dia 18/09/201,8 liguei no n√∫mero 135 da previd√™ncia social, pedi que fosse direcionada √† ouvidoria e registrei a reclama√ß√£o decorrente a demora na entrega do documento e falta de informa√ß√µes. Foi gerada a manifesta√ß√£o sob o c√≥digo CCIY 24312, e at√© a data de hoje o INSS n√£o se manifestou a respeito. Outra liga√ß√£o foi efetuada ao 135 e os atendentes do INSS pedem apenas para ""aguardar"", n√£o dando nenhuma explica√ß√£o ou previs√£o, denotando apenas a demora absurda e sem a devida razoabilidade ou fundamento legal para a entrega do documento.
De acordo com a Constitui√ß√£o Federal de 1988, em seu artigo 5¬∫ , XXXIII e XXXIV ""a"" e ""b"" estabelece a garantia fundamental ao cidad√£o ao direito de certid√£o. ""Todos s√£o iguais perante a lei, sem distin√ß√£o de qualquer natureza, garantindo-se aos brasileiros e aos estrangeiros residentes no Pa√≠s a inviolabilidade do direito √† vida, √† liberdade, √† igualdade, √† seguran√ßa e √† propriedade, nos termos seguintes:
XXXIII - todos t√™m direito a receber dos √≥rg√£os p√∫blicos informa√ß√µes de seu interesse particular, ou de interesse coletivo ou geral, que ser√£o prestadas no prazo da lei, sob pena de responsabilidade, ressalvadas aquelas cujo sigilo seja imprescind√≠vel √† seguran√ßa da sociedade e do Estado; 
XXXIV - s√£o a todos assegurados, independentemente do pagamento de taxas: 
a) o direito de peti√ß√£o aos Poderes P√∫blicos em defesa de direitos ou contra ilegalidade ou abuso de poder;
b) a obten√ß√£o de certid√µes em reparti√ß√µes p√∫blicas, para defesa de direitos e esclarecimento de situa√ß√µes de interesse pessoal;
Diante do exposto, solicito URGENTE ado√ß√£o de provid√™ncia para a entrega do documento, ou terei que manejar as a√ß√µes cab√≠veis na Constitui√ß√£o Federal e na legisla√ß√£o vigente para ter meu direito de certid√£o garantido.

",28,NA,NA,NA,6,NA
"36",4,"ANAC - Ag√™ncia Nacional de Avia√ß√£o Civil","RESERVA LATAM FXFWUO CANCELADA, MAS O PAGAMENTO DA TAXA FOI EFETUADO ... (31/07/2018)","No dia 20/06 comprei passagens a√©reas em meu nome, Adriana Ponte Lopes, ida: BSB-FOR e volta: FOR-BSB, com a reserva FXFWUO. 
No dia 26/06 fui surpreendida com o cancelamento da reserva. No entanto, foi lan√ßada no meu cart√£o de cr√©dito, fatura de agosto, a taxa no valor de R$ 57,81.
Solicito cancelamento da cobran√ßa indevida! Tive em contato por tr√™s vezes com a empresa a√©rea, sem √™xito. E, inclusive, j√° formalizei reclama√ß√£o e n√£o me contataram como prometeram.",34,NA,NA,NA,6,NA
"37",4,"ANAC - Ag√™ncia Nacional de Avia√ß√£o Civil","constrangimento ilegal no ato de vistoria da bagagem de m√£o (15/03/2018)","Na data de 05.03. 2018, a passageira ora reclamante, se encontrava em transito - Bel√©m - Macapa, voo da azul que sairia as 23h, entretanto estes somente teve partida as 01h 15m do dia 06.03.2018.
Ocorre por√©m, que ao passar pela inspe√ß√£o do RX do aeroporto, n√£o houve acionamento do aparelho que indicasse objetos com restri√ß√£o, mesmo assim, o agente de inspe√ß√£o (sexo masculino) informou que a mala e a bolsa iriam ser inspecionadas. Sem qual interfer√™ncia a passageira permitiu e iniciou a abertura da mala, entretanto, foi informada que esta seria vistoriada pelo agente que faria a retirada de todos os pertences.
E assim, procedeu, mesmo sendo contrariado, j√° que alem de pe√ßas intimas, a bagagem continha material de trabalho que tambem foram inspecionados.
Indignada com o ato, a passageira resolveu registrar atrav√©s de foto com base no CP Art. 25 - Entende-se em leg√≠tima defesa quem, usando moderadamente dos meios necess√°rios, repele injusta agress√£o, atual ou iminente, a direito seu ou de outre.
Entretanto, o agente, foi mais al√©m, e chamou o inspetor do aeroporto, em raz√£o da foto, j√° que, segundo os mesmo o ato de registro seria il√≠cito.

Em ato continuo, a passageira procedeu a retirada dos pertences da bolsa para que o agente vistoriasse, e este informou que ele pr√≥prio deveria retirar da bolsa os pertences, e mandou devolver.

N√£o satisfeito, com o corrido, chamou o agente da policia federal para que a passageira apagasse a foto, sob pena de n√£o embarque.
Assim, ap√≥s ser coagida a apagar a foto, ja que precisava viajar, pois estaria viajando a trabalho.
Apos ser atendido , o s agentes retornaram o ato abusivo e abriram a bolsa de tira colo, revistaram todos os objetos la contido, inclusive porta c√©dula.

Frise-se, que o ato ja havia sido feito pela passageira e n√£o levado em considera√ß√£o. 

Apos o ocorrido, a passageira, fez ocorr√™ncia na policia federal, Infraero, e ANAC, entretanto, no site de manifesta√ß√£o da ANAC, n√£o ha protocolo, o que n√£o me da condi√ß√µes de saber se houve o recebimento da denuncia 
.
Note-se que Tal procedimento esta em desacordo com as leis e normas especificas conforme se ve .

Seguran√ßa na Avia√ß√£o Civil contra Atos de Interfer√™ncia Il√≠cita (PNAVSEC). O art. 67 estabelece que o acesso de passageiros, tripulantes, pessoal de servi√ßo, empregados dos concession√°rios de aeroporto e das administra√ß√µes aeroportu√°rias e de servidores p√∫blicos √†s √°reas restritas de seguran√ßa (ARS‚Äôs) ser√° permitido somente ap√≥s identifica√ß√£o e inspe√ß√£o de seguran√ßa, nos termos dos atos normativos da ANAC. Os passageiros e suas bagagens de m√£o devem ser inspecionados antes do acesso √† aeronave ou √† ARS, conforme atos normativos da ANAC, segundo diz o art. 110. Consoante o art. 112, a inspe√ß√£o pode ser manual ou com o uso de equipamentos de seguran√ßa (detector de metais, raio-x, ETD e outros), ou pela combina√ß√£o de ambas as t√©cnicas. O art. 115 menciona que a busca pessoal dos passageiros e a inspe√ß√£o manual de bagagens consistem em processos alternativos de inspe√ß√£o de seguran√ßa, devendo ser realizados aleatoriamente quando os equipamentos n√£o estiverem dispon√≠veis ou n√£o estiverem em boas condi√ß√µes de uso, ou quando a Pol√≠cia Federal julgar necess√°rio para o desempenho de sua miss√£o institucional

O art. 119 exige o consentimento do passageiro para a realiza√ß√£o da inspe√ß√£o manual de bagagem e a busca pessoal, devendo esta ser realizada por profissional do mesmo sexo, em sala reservada, com discri√ß√£o e na presen√ßa de testemunha. N√£o havendo consentimento, ocorrendo resist√™ncia √† inspe√ß√£o ou sendo apresentados ind√≠cios de objetos, materiais e subst√¢ncias cuja posse, em tese, constitua crime, a Pol√≠cia Federal realizar√° a busca pessoa

Ate prova em contrario considero a conduta dos referidos prestadores de servi√ßo como discriminat√≥ria, desproporcional e ofensiva, causando humilha√ß√£o, viola√ß√£o da intimidade e ataque √† honra subjetiva da parte reclamante , o que configura ato ilegal e abusivo

Diante de todo ocorrido, aguardo Manifesta√ß√£o

att
Leila Pantoja",40,NA,NA,NA,6,NA
"38",4,"ANAC - Ag√™ncia Nacional de Avia√ß√£o Civil","Avi√µes voando baixo e fazendo muito barulho. (17/09/2017)","A partir deste m√™s de setembro de 2017, durante todo tempo, avioes de pequeno porte come√ßaram a fazer rota a√©rea na regi√£o do Bairro Saliado Filho em Belo Horizonte/MG. O barulho √© insuport√°vel, uma vez que os avi√µes s√£o pequenos e voam baixo, al√©m dos v√¥os serem intermitentes.",46,NA,NA,2,6,1
"39",4,"ANAC - Ag√™ncia Nacional de Avia√ß√£o Civil","Altera√ß√£o de voo (26/05/2017)","Comprei a viagem de Londrina para Rio de Janeiro pela Azul linhas a√©reas. A previs√£o era de chegada no Rio de Janeiro no voo 4233 as 18:25h do dia 26/05. 
A empresa atrasou a partida de Londrina e o voo que me levaria para Rio de Janeiro partiu e fui realocada para um voo 1:00 depois. 
N√£o fui consultada e nem indenizada pelo atraso. Teria compromisso as 19:00 mas em virtude dessa mudan√ßa n√£o pude cumprir com meus compromissos.
Os funcion√°rios n√£o me atenderam nem registraram minha queixa em Viracopps.
Quero registrar aqui a queixa e solicitar indeniza√ß√£o por danos morais.
Maria da Concei√ß√£o Francisca Pired",52,NA,NA,NA,6,NA
"40",4,"ANAC - Ag√™ncia Nacional de Avia√ß√£o Civil","ANAC - Se diz ineficaz diante das empresas a√©reas (29/09/2016)","Minha sogra viajou de Bras√≠lia para S√£o Paulo (CGH) na AVIANCA dia 17/09/16, v√¥o 6061. A escada colocada na aeronave para descida estava bambeada ou n√£o encaixada corretamente. Ela teve tontura e CAIU ao subir no √¥nibus para plataforma de desembarque machucou a perna (hematomas) e cortou o p√©. Nenhum funcion√°rio da AVIANCA ou do aeroporto a socorreu. Por ser diab√©tica, os ferimentos complicaram a sa√∫de dela. Reclamei √† AVIANCA, mas eles n√£o retornam aos CLIENTES e N√ÉO POSSUEM OUVIDORIA.

Reclamei √† ANAC que disse :
""Em refer√™ncia √† sua solicita√ß√£o, informamos que de acordo com o art. 2¬∫ da Lei 11.182, de 27 de setembro de 2005, compete √† ANAC regular e fiscalizar as atividades de avia√ß√£o civil e de infraestrutura aeron√°utica e aeroportu√°ria.
N√£o h√° na legisla√ß√£o de avia√ß√£o civil, norma atinente a presta√ß√£o de servi√ßos por parte da empresa a√©rea, por presta√ß√£o de servi√ßo entenda-se cordialidade de tripula√ß√£o, maneiras de atendimento, entre outros fatores que influenciam na percep√ß√£o do passageiro, entende-se que o bom tratamento dos passageiros bem como sua capta√ß√£o e fideliza√ß√£o devem fazer parte da pol√≠tica de neg√≥cios da empresa para com seus passageiros.""

Ou seja, se um passageiro se machucar, cair da escadaria frouxa, quebrar o bra√ßo, perna, quebrar o pesco√ßo, e morrer (isto cabe a anac proibir e fiscalizar) = N√ÉO √© responsabilidade da anac e nem das empresas a√©reas. Em outras palavras ""todos os passageiros que fazem uso do transporte a√©reo est√£o entregues a pr√≥pria sorte""

Vejo que os respons√°veis da anac n√£o entendem ou desconhecem a lei que citaram no primeiro par√°grafo. Vou lembra-los:
Art. 8¬∫- Cabe √† ANAC adotar as medidas necess√°rias para o atendimento do interesse p√∫blico e para o desenvolvimento e fomento da avia√ß√£o civil, da infra-estrutura aeron√°utica e aeroportu√°ria do Pa√≠s, atuando com independ√™ncia, legalidade, impessoalidade e publicidade, competindo-lhe:
X ‚Äì regular e fiscalizar os servi√ßos a√©reos, os produtos e processos aeron√°uticos, a forma√ß√£o e o treinamento de pessoal especializado, os servi√ßos auxiliares, a seguran√ßa da avia√ß√£o civil, a facilita√ß√£o do transporte a√©reo, a habilita√ß√£o de tripulantes, as emiss√µes de poluentes e o ru√≠do aeron√°utico, os sistemas de reservas, a movimenta√ß√£o de passageiros e carga e as demais atividades de avia√ß√£o civil;

√â mais uma ag√™ncia criada com dinheiro p√∫blico e que n√£o atende aos interesses e necessidades da popula√ß√£o. 
Att.

Ivan",58,NA,NA,4,6,1
"41",5,"INSS - Minist√©rio da Previd√™ncia Social","Sal√°rio Maternidade (08/10/2018)","Eu dei entrada em sal√°rio maternidade eles me pediu 45 dias de an√°lise, venceu 03/08 at√© hoje t√° em an√°lise.",5,NA,NA,1,6,1
"42",5,"INSS - Minist√©rio da Previd√™ncia Social","Site do inss (03/10/2018)","O site do INSS parasse considerardo ruim tem que melhorar muito.Fica 90% fora do ar.
Voc√™ desanima de qualquer informa√ß√£o do site, e muita burocracia, nem racker consegue acessar alguns itens",11,NA,NA,4,6,3
"43",5,"INSS - Minist√©rio da Previd√™ncia Social","divergencia no cadastro acessando CNIS, Historico de beneficios (01/10/2018)","Qdo tento acessar a opcao de CNIS ou Historico de beneficios tenho erro de divergencia cadastral, no site meu.inss.gov.br
erro: Foram encontradas diverg√™ncias cadastrais.
Confirme os dados cadastrais do seu CPF junto a Receita Federal e atualize caso necess√°rio. Caso a diverg√™ncia persista ap√≥s a corre√ß√£o, ligue no 135 ou compare√ßa a uma unidade de atendimento do INSS para regularizar o seu cadastro no CNIS.

Ja liguei no 135 e me informaram ques esta tudo correto. Mas continuo com o mesmo problema. Ja consegui cadastrar senha no meu inss, e consigo fazer login normalmente , mas as opcoes de CNIS e historico de beneficios ocorre o erro acima. Consigo acessar as opcoes de Imposto de renda e Carta de concessao normalmente. No 135 continuam informando que o cadastro esta correto.",17,NA,NA,2,6,2
"44",5,"INSS - Minist√©rio da Previd√™ncia Social","RECURSO ADMINISTRATIVO 18¬™ TR PROCESSO N¬∫ 44233418001201886 (26/09/2018)","Processo n¬∫ 44233.418001/2018-86 encaminhado a 18¬™ JR distribu√≠do ao Conselheiro Relator - Eponina Vitola Boeira em 24/01/2018 √†s 18:15 horas, √≥rg√£o atual Assessoria T√©cnica M√©dica - ATM sem movimenta√ß√£o desde a data do protocolo, ultrapassando o prazo considerado razo√°vel. 
O recorrente Lucas Henrique Schmedeke, inscrito no CPF 035.990.750-42, interp√¥s recurso administrativo em fun√ß√£o da suspens√£o de seu benef√≠cio NB 31/551.397.653-2 com processo de Reabilita√ß√£o Profissional recepcionado pela Universidade FEEVALE e n√£o validado por negligencia por parte da Previd√™ncia Social que suspendeu o benef√≠cio sem incluir os dados no sistema de informatiza√ß√£o, desconsiderando todos os documentos apresentados, bem como os pareceres Funcional com avalia√ß√µes do trabalhador portador de defici√™ncia originada por acidente automobil√≠stico, onde tornou-se cadeirante ap√≥s acidente com sequela de fratura da coluna tor√°cica, paraplegia definitiva por trauma raquimedular no n√≠vel T4, entre outras. 
Ocorre que, j√° foram registradas Ocorr√™ncias junto √† ouvidoria e at√© o momento sem nenhum retorno, e o processo continua parado desde a data do protocolo 24/01/2018, fechando oito meses sem an√°lise.
O Recorrente aguarda um retorno e que sejam tomadas as devidas providencias.
Atenciosamente.",23,NA,NA,2,6,3
"45",5,"INSS - Minist√©rio da Previd√™ncia Social","N√∫mero do requerimento dando inv√°lido (25/09/2018)","N√∫mero do requerimento dando inv√°lido porque toda vez que tento verificar diz que o n√∫mero do benef√≠cio est√° inv√°lido n√∫mero 187708458",29,NA,NA,1,6,0
"46",5,"ANAC - Ag√™ncia Nacional de Avia√ß√£o Civil","FALTA DE RESPEITO (31/07/2018)","Prezados, 
Embarquei, dia 29 de julho, no voo 1720, operado pela Gol Linhas A√©reas, partindo de Bras√≠lia, √†s 21h25, para Teresina.
Antes de entrar na aeronave, o funcion√°rio Vitor Miguel disse que eu precisaria despachar a mala, pois o avi√£o estava cheio.
Questionei se era obrigat√≥rio, j√° que, pelas regras da ANAC, posso trazer uma bagagem a bordo. 
De forma r√≠spida, ele disse que n√£o tinha o que fazer e eu perguntei se poderia fazer uma reclama√ß√£o.
O funcion√°rio disse pra eu ficar √† vontade e reclamar com a ANAC, pois a companhia a√©rea n√£o tem nada a ver.
Argumentei que tem, sim, j√° que a Avianca, por exemplo, n√£o cobra pelas malas despachadas. De forma grosseira, ir√¥nica e desrespeitosa, ele disse ""pois ent√£o ent√£o viaje mais com a Avianca"".
Senti-me profundamente mal tratado, senti os meus direitos violados e minha dignidade fragilizada. 
Que autoridade o funcion√°rio Vitor Miguel tem para indicar em que companhia devo voar? Que liberdade ele tem para tratar-me mal? Se a Gol n√£o disp√µe de espa√ßo suficiente para acomodar bagagens, porque permite que entremos at√© o port√£o de embarque para passarmos por essa situa√ß√£o vexat√≥ria? 
Por fim, de que forma esse funcion√°rio pode se retratar? Ou sou obrigado a ouvir desaforos gratuitamente?
Espero que a Gol tenha uma equipe de funcion√°rios mais bem preparados, gentis e educados, diferentes do Vitor Miguel.
Como cliente, exijo que essa situa√ß√£o, desagrad√°vel e constrangedora, seja solucionada.

Atenciosamente,

Juscelino Francisco do Nascimento",35,NA,NA,5,6,1
"47",5,"ANAC - Ag√™ncia Nacional de Avia√ß√£o Civil","As viagens de aviao est√£o piores que viajar de combi (22/02/2018)","Com essa nova lei de todos serem OBRIGADOS a levarem suas malas em cima, porque n√£o houve redu√ß√£o de passagem e precisa-se pagar pra despachar malas est√° p√©ssimo o embarque desembarque, √© muito tumulto √© muita confus√£o, antes mesmo dessa lei j√° havia pouco espa√ßo para bagagem de m√£o agora a zona est√° garantida, voc√™s da Anac n√£o zelam por nada a respeito do consumidor, s√≥ brasileiro mesmo pra aceitar isso calado",41,NA,NA,4,6,1
"48",5,"ANAC - Ag√™ncia Nacional de Avia√ß√£o Civil","Evitando confus√µes com hor√°rios (18/07/2017)","Bom dia,

Ontem a minha esposa perdeu um v√¥o dom√©stico devido a uma confus√£o com o hor√°rio pois o v√¥o estava marcado para 0:00h do dia 17, ou seja, primeira hora do dia, no entanto, ela imaginou que seria a meia noite do dia 17 (final do dia), o que gerou a perda do seu v√¥o. Embora reconhe√ßa que este foi um erro e uma falta de aten√ß√£o do passageiro, acredito que outras pessoas cometem o mesmo equ√≠voco e as empresas lucram com isto pois foi preciso comprar uma nova passagem (no caso em quest√£o a empresa foi a AZUL); portanto, como uma sugest√£o de melhoria no processo e que com certeza evitar√° novas situa√ß√µes desagrad√°veis e preju√≠zos aos passageiros, a ANAC ou √≥rg√£o competente, deveria orientar ou obrigar as empresas a colocar o v√¥o com o hor√°rio √†s 23:59h do dia anterior e n√£o 0:00h do dia seguinte. Este √© um pequeno detalhe, imagino que n√£o altera em nada a rotina do aeroporto e das empresas a√©reas, mas evitar√° uma serie de desgastes e far√° uma enorme diferen√ßa na vida dos passageiros.

Espero com esta pequena sugest√£o ajudar a melhorar os servi√ßos;

Desde j√° agrade√ßo

Mateus",47,NA,NA,1.5,6,1
"49",5,"ANAC - Ag√™ncia Nacional de Avia√ß√£o Civil","Uma autarquia que N√ÉO serve pra nada! Cabide de empregos! Demitam to...(22/04/2017)","Mais de 200 reclama√ß√µes e NENHUMA √© atendida. Isso √© o esc√°rnio que essa MER-DA de autarquia tem com seus cidad√£os. Tomara que um novo presidente EXTINGUA essa porcaria e DEMITA todos os seus funcion√°rios.

VOC√ä, FUNCION√ÅRIO DA ANAC, VOC√ä √â FUNCION√ÅRIO DE UMA MER-DA DE AUTARQUIA, QUE SUBTRA√ç O DINHEIRO DO POVO, E N√ÉO SERVE PRA NADA!!!!

Nem perca seu tempo. Isso aqui n√£o serve pra nada.
At√© hoje essa PORCARIA de autarquia sequer criou regras espec√≠ficas para cancelamento ou limitou, de maneira EXPRESSIVA E CLARA os limites de multas por cancelamento de passagem.

OU SEJA: N√ÉO SERVEM PRA NADA! NADA! NADA! Nem pra responder uma simples mensagem essa MER-DA de autarquia serve.",53,NA,NA,5,6,0
"50",5,"ANAC - Ag√™ncia Nacional de Avia√ß√£o Civil","Acompanhamento e site problem√°tico (15/08/2016)","Reabri uma manifesta√ß√£o no s√≠tio da Anac porque obtive uma resposta meramente burocr√°tica e agora n√£o consigo acompanhar o processo porque no s√≠tio, que j√° √© pouco amig√°vel para reclama√ß√µes, sou direcionado para fazer todo o cadastro novamente.",59,NA,NA,1,6,1
"51",6,"INSS - Minist√©rio da Previd√™ncia Social","Falta de responsabilidade (06/10/2018)","Minha m√£e tem 63 anos foi no inss solicita uma certid√£o de habilitados existente e n√£o existente, solicitado no alvar√° referente ao falecimento do meu pai. O inss deu um prazo de 15 a 30 dias sendo hoje 6 de outubro e minha m√£e fez esse pedido no dia 23 de julho, toda vez q ela vai no atendimento presencial informa a ela q ela tem q ficar olhando pela internet , entramos em contato com o telefone 135 e encaminharam pra ouvidoria e nem a ouvidoria conseguiu uma resposta com o inss.. Quero uma solu√ß√£o urgente pois estamos precisando com urg√™ncia dessa certid√£o. Uma resposta do INSS do RJ bairro Campo grande.obrigada",6,NA,NA,3,6,3
"52",6,"INSS - Minist√©rio da Previd√™ncia Social","Atendimento 135 (02/10/2018)","Boa noite, venho manifestar minha insatisfa√ß√£o com o atendimento, que venho recebendo na previd√™ncia social no atendimento por telefone 135. Rio de janeiro . Fiquei o dia todo de hoje ligando e n√£o consigo falar , sempre a grava√ß√£o eletr√¥nica falando tente mais tarde , no momento todos atendentes est√£o ocupados ..!!! O dia todo imposs√≠vel ..!!!",12,NA,NA,3,6,2
"53",6,"INSS - Minist√©rio da Previd√™ncia Social","Aposentadoria por tempo de contribui√ß√£o (01/10/2018)","Agendei e aguardei pacientemente por mais de 30 dias a data que foi dada pelo sistema para apresentar meus documentos e receber o protocolo de atendimento de requerimento da minha aposentadoria por tempo de contribui√ß√£o. Para minha surpresa o atendente n√£o sabia informar qual seria o valor, apenas me entregou o papel com o n¬∫ de protocolo e disse que essa informa√ß√£o eu teria no site e que em AT√â 45 dias tudo estaria resolvido. J√° se passaram mais de 50 dias, liguei para o INSS e depois de aguardar por longos 25 minutos , a atendente n√£o sabia me responder, tamb√©m limitando-se a dizer ""n√£o ter uma previs√£o"". Voltei ao posto onde havia dado entrada , nem consegui passar da porta, o seguran√ßa disse ""s√≥ entra quem estiver agendado"". Como assim???????????????????
N√£o consegui nem pelo site fazer uma reclama√ß√£o na ouvidoria, teria que preencher um formul√°rio onde logo de cara √© pedido o n¬∫ do benef√≠cio.
√â um absurdo!!!! N√£o estou pedindo favor, apenas MEU DIREITO COMO CONTRIBUINTE! At√© quando vou ter que aguardar???????????????",18,NA,NA,4,6,1
"54",6,"INSS - Minist√©rio da Previd√™ncia Social","Clonagem de Benef√≠cios (26/09/2018)","O Voo da Gol G3 1571 de Salvador para congonhas, do dia 18/3/17 que deveria sair as 13,10hs s√≥ levantou voo por volta das 16,30hs, 
√â obvio que, na avia√ß√£o, se sabe que contratempos podem ocorrer, porem como passageiro idosos que sou, viajando junto com minha esposa, idosa e portadora de protese femural, creio que n√≥s, como qualquer outro passageiro, mereceriamos uma considera√ß√£o melhor dessa empresa. Sen√£o vejamos, ficamos por mais de tr√™s horas aguardando o voo sem que alguem da Gol desse qualquer explica√ß√£o, ou oferecesse um m√≠sero copo dagua. E, o que √© pior, depois que embarcamos ainda tivemos que aguardar intermin√°veis minutos para libera√ß√£o do voo. Quando este saiu, tempos depois, foi nos oferecido: um pacotinho com quatro diminutas bolachinhas horrorosas (quatro mesmo, contadas uma a uma) e um copinho de √°gua. Eu n√£o sei, e por isso estou questionando junto a esse servi√ßo se, em atrasos dessa magnitude, a companhia a√©rea n√£o deveria, pelo menos, providenciar algum tipo de alimenta√ß√£o aos passageiros que ficam ""jogados"" , por horas, nas pessimas acomoda√ß√µes de aeroportos, sujeitos, ademais, a terem que se alimentar por conta pr√≥pria, e serem submetidos pre√ßos escorchantes.
sergio alvares",24,NA,NA,3,6,2
"55",6,"INSS - Minist√©rio da Previd√™ncia Social","pericia medica (25/09/2018)","O perito, que n√£o possuo o nome e nem me falou, me tratou como um nada na pericia, meu afastamento √© devido aos cids f32.2 e 60.3, h√° 3 anos trato a depress√£o mas este ano tive uma reca√≠da que resultou no meu afastamento do trabalho, ap√≥s epis√≥dios de crises dentro da empresa, precisei conversar com a psicologa do meu trabalho algumas vezes. O perito fez avalia√ß√£o m√©dica fisica, que n√£o faz nenhum sentido j√° que o meu caso √© saude mental, n√£o fez perguntas de acordo com o motivo do afastamento, apenas sobre ""o que houve"" e questionou sobre as marcas que tenho no bra√ßo, quando tenho crises fortes acabo me alto mutilando. Me senti como uma idiota e humilhada nesse atendimento, meu afastamento n√£o foi pedido para ficar em casa me divertindo e sim para cuidar da minha saude junto ao CAPS onde fa√ßo tratamento psiqui√°trico, nada da minha rotina habitual est√° sendo realizado devido a minha condi√ß√£o, j√° humilhante o bastante ser refem de uma doen√ßa para ser tratada dessa forma pelo funcion√°rio publico que deveria ser um m√©dico perito e n√£o uma pessoa que n√£o fala, e simplesmente joga os papeis de qualquer jeito, essa humilha√ß√£o s√≥ mostra a falta de preparo desse funcion√°rio. n√£o tem cabimento n√£o haver uma avalia√ß√£o correta para cada caso de afastamento.",30,NA,NA,4,6,2
"56",6,"ANAC - Ag√™ncia Nacional de Avia√ß√£o Civil","Reembolso (21/05/2018)","Solicitei o reembolso na empresa aerea TAP em 22 de marco de 2018 e ate o momento nao recebi o reembolso. Diante disso fiz uma reclamacao na empresa TAP, sob o numero 2018 146943, e tambem infelizmente ate o momento nao me responderam. Por favor se puder me ajudar agradeco",36,NA,NA,1,6,1
"57",6,"ANAC - Ag√™ncia Nacional de Avia√ß√£o Civil","N√£o consigo acessar o sistema SACI (12/02/2018)","No in√≠cio do meu curso para Comiss√°ria de Bordo, realizei meu cadastro ao sistema ANAC, e agora no fim do curso uma das exig√™ncias √© escanear todos os documentos no SACI, por√©m n√£o consigo acesso, aparecem mensagens que n√£o estou cadastrada. Sendo assim, tentei novamente fazer o Cadastro a uma semana, e estou esperando uma mensagem no meu email de confirma√ß√£o de cadastro que at√© hoje n√£o chegou. Tenho um prazo pra realizar esse procedimento para que me liberem para fazer a prova da ANAC. Entrei em contato com os telefones e me informaram n√£o ter o que fazer nesses casos... O que fazer nesses casos?",42,NA,NA,1.5,6,1
"58",6,"ANAC - Ag√™ncia Nacional de Avia√ß√£o Civil","A lenda de diminui√ß√£o pre√ßos das passagens com a retirada bagagem ... (23/06/2017)","Semana passada comprei passagem na promo√ß√£o da GOL - R$ 128 (com bagagem). Hoje na promo√ß√£o da gol para mesmo voo tarifa light R$ 158 (sem bagagem)... kkkk... s√≥ tipico brasileiro mesmo para acreditar nessa historinha da ANAC de reduzir pre√ßos ao consumidor... Vivemos no Brasil, n√£o havia d√∫vidas em rela√ß√£o ao verdadeiro resultado final.",48,NA,NA,1,6,2
"59",6,"ANAC - Ag√™ncia Nacional de Avia√ß√£o Civil","atraso de mais de tr√™s horas em voo da Gol. (20/03/2017)","O Voo da Gol G3 1571 de Salvador para congonhas, do dia 18/3/17 que deveria sair as 13,10hs s√≥ levantou voo por volta das 16,30hs, 
√â obvio que, na avia√ß√£o, se sabe que contratempos podem ocorrer, porem como passageiro idosos que sou, viajando junto com minha esposa, idosa e portadora de protese femural, creio que n√≥s, como qualquer outro passageiro, mereceriamos uma considera√ß√£o melhor dessa empresa. Sen√£o vejamos, ficamos por mais de tr√™s horas aguardando o voo sem que alguem da Gol desse qualquer explica√ß√£o, ou oferecesse um m√≠sero copo dagua. E, o que √© pior, depois que embarcamos ainda tivemos que aguardar intermin√°veis minutos para libera√ß√£o do voo. Quando este saiu, tempos depois, foi nos oferecido: um pacotinho com quatro diminutas bolachinhas horrorosas (quatro mesmo, contadas uma a uma) e um copinho de √°gua. Eu n√£o sei, e por isso estou questionando junto a esse servi√ßo se, em atrasos dessa magnitude, a companhia a√©rea n√£o deveria, pelo menos, providenciar algum tipo de alimenta√ß√£o aos passageiros que ficam ""jogados"" , por horas, nas pessimas acomoda√ß√µes de aeroportos, sujeitos, ademais, a terem que se alimentar por conta pr√≥pria, e serem submetidos pre√ßos escorchantes.
sergio alvares",54,NA,NA,4,6,2
"60",6,"ANAC - Ag√™ncia Nacional de Avia√ß√£o Civil","Guarda volumes do aeroporto do Gale√£o n√£o funciona no per√≠odo das ... (08/08/2016)","No dia 08/08/2016, precisei usar o servi√ßo de guarda volumes no aeroporto do gale√£o. No site constava que havia a oferta do servi√ßo. Qdo cheguei no aeroporto, depois de perguntar para muitos funcion√°rios, descobri que o servi√ßo n√£o estava sendo ofertado no per√≠odo das olimp√≠adas por motivos de seguran√ßa, mas essa informa√ß√£o s√≥ √© dada quando vc esta no aeroporto e precisa usar o servi√ßo. O funcion√°rio zombou da minha cara quando disse que precisava guardar a mala, disse que muitos gringos estavam passando pelo mesmo problema e que se eles n√£o conseguiam acessar o servi√ßo, n√£o seria eu, uma reles brasileira que poderia acessar. Perdi um ingresso de um jogo de t√™nis das olimp√≠adas por acreditar na informa√ß√£o do site do aeroporto que afirmava que o servi√ßo de guarda volumes estava em opera√ß√£o, al√©m de ter sido ridicularizada pelo funcion√°rio do gale√£o. Espero que algu√©m seja responsabilizado e punido pela falta de uma comunica√ß√£o eficaz sobre a oferta do servi√ßo, al√©m da falta de educa√ß√£o e respeito do funcion√°rio do Gale√£o.",60,NA,NA,3,6,2
